{
    "0": {
        "Experimental": 769,
        "Rock": 1775,
        "NaN": 3429,
        "Hip-Hop": 423,
        "Soul-RnB": 12,
        "Spoken": 13,
        "Electronic": 975,
        "Pop": 160,
        "Folk": 67,
        "Old-Time / Historic": 10,
        "International": 115,
        "Jazz": 32,
        "Instrumental": 50,
        "Classical": 6,
        "Blues": 2,
        "Country": 10
    },
    "1": {
        "NaN": 20760,
        "Folk": 1470,
        "Rock": 2539,
        "Pop": 662,
        "Jazz": 233,
        "Electronic": 2016,
        "Experimental": 4013,
        "Hip-Hop": 393,
        "International": 326,
        "Soul-RnB": 16,
        "Spoken": 141,
        "Blues": 45,
        "Country": 51,
        "Classical": 949,
        "Old-Time / Historic": 377,
        "Instrumental": 1171,
        "Easy Listening": 10
    },
    "2": {
        "Rock": 1911,
        "Folk": 389,
        "Experimental": 1196,
        "Electronic": 703,
        "NaN": 6061,
        "Hip-Hop": 317,
        "Spoken": 50,
        "Jazz": 58,
        "Old-Time / Historic": 92,
        "Pop": 324,
        "International": 189,
        "Instrumental": 272,
        "Classical": 132,
        "Blues": 23,
        "Country": 8,
        "Soul-RnB": 5,
        "Easy Listening": 4
    },
    "3": {
        "Experimental": 1031,
        "Rock": 738,
        "NaN": 5347,
        "Folk": 271,
        "Electronic": 855,
        "Jazz": 67,
        "Hip-Hop": 292,
        "Soul-RnB": 22,
        "Pop": 246,
        "International": 77,
        "Blues": 6,
        "Country": 16,
        "Old-Time / Historic": 2,
        "Spoken": 30,
        "Instrumental": 201,
        "Classical": 74
    },
    "4": {
        "Hip-Hop": 472,
        "NaN": 4842,
        "Experimental": 920,
        "Rock": 636,
        "Electronic": 1680,
        "Folk": 66,
        "Soul-RnB": 34,
        "Spoken": 34,
        "Pop": 149,
        "International": 69,
        "Jazz": 33,
        "Instrumental": 87,
        "Old-Time / Historic": 1,
        "Country": 11,
        "Classical": 21,
        "Blues": 3,
        "Easy Listening": 2
    },
    "5": {
        "Pop": 317,
        "Hip-Hop": 363,
        "Rock": 3427,
        "Experimental": 950,
        "Folk": 257,
        "Jazz": 62,
        "NaN": 6089,
        "Electronic": 618,
        "International": 257,
        "Soul-RnB": 23,
        "Spoken": 52,
        "Blues": 14,
        "Country": 47,
        "Old-Time / Historic": 43,
        "Instrumental": 121,
        "Classical": 14,
        "Easy Listening": 2
    },
    "6": {
        "Experimental": 601,
        "Electronic": 906,
        "Rock": 423,
        "International": 73,
        "Soul-RnB": 29,
        "Pop": 108,
        "Blues": 3,
        "NaN": 2888,
        "Folk": 50,
        "Hip-Hop": 410,
        "Country": 14,
        "Jazz": 9,
        "Classical": 11,
        "Easy Listening": 1,
        "Instrumental": 43,
        "Spoken": 15
    },
    "7": {
        "Folk": 134,
        "Rock": 1233,
        "NaN": 2761,
        "Spoken": 58,
        "Electronic": 413,
        "Soul-RnB": 9,
        "Jazz": 30,
        "Experimental": 427,
        "Pop": 155,
        "Hip-Hop": 267,
        "Blues": 6,
        "International": 148,
        "Country": 14,
        "Old-Time / Historic": 7,
        "Instrumental": 68,
        "Classical": 13
    },
    "8": {
        "Hip-Hop": 615,
        "NaN": 4799,
        "Jazz": 47,
        "Rock": 1500,
        "Folk": 99,
        "Experimental": 701,
        "Electronic": 1206,
        "Soul-RnB": 25,
        "Spoken": 30,
        "Pop": 211,
        "International": 135,
        "Blues": 8,
        "Old-Time / Historic": 22,
        "Instrumental": 66,
        "Classical": 10,
        "Country": 23,
        "Easy Listening": 5
    }
}

